<?xml version="1.0" encoding="UTF-8"?>
<!DOCTYPE hibernate-configuration PUBLIC
      "-//Hibernate/Hibernate Configuration DTD 3.0//EN"
      "http://www.hibernate.org/dtd/hibernate-configuration-3.0.dtd">

<hibernate-configuration>
  <session-factory>

      <!-- Connection settings -->
      <property name="connection.driver_class">org.postgresql.Driver</property>
      <property name="connection.url">jdbc:postgresql://localhost:5432/test</property>
      <property name="connection.username">axelor</property>
      <property name="connection.password">axelor</property>

      <!-- SQL dialect -->
      <property name="dialect">org.hibernate.dialect.PostgreSQLDialect</property>

      <property name="show_sql">true</property>

      <!-- create database on startup -->
      <property name="hbm2ddl.auto">create</property>


  <!-- Specifying Session Context -->
        <property name="hibernate.current_session_context_class">org.hibernate.context.internal.ThreadLocalSessionContext</property>
 

      <!-- Annotated entity classes -->


   
      
      <mapping class="HIbernateRelation.Studentm2o"/>   
   <mapping class="HIbernateRelation.MarksDetails"/>
   
   
 <mapping class="HIbernateRelation.Author"/>
   <mapping class="HIbernateRelation.Book"/>
   
   <mapping class="HIbernateRelation.StudentM2M"/>
   <mapping class="HIbernateRelation.CourseM2M"/>
   
      
       
  </session-factory>
</hibernate-configuration>