<?xml version="1.0" encoding="UTF-8"?>
<!DOCTYPE hibernate-configuration PUBLIC
      "-//Hibernate/Hibernate Configuration DTD 3.0//EN"
      "http://www.hibernate.org/dtd/hibernate-configuration-3.0.dtd">

<hibernate-configuration>
  <session-factory>

      <!-- Connection settings -->
      <property name="connection.driver_class">org.postgresql.Driver</property>
      <property name="connection.url">jdbc:postgresql://localhost:5432/mydb</property>
      <property name="connection.username">sachin</property>
      <property name="connection.password">sachin</property>

      <!-- SQL dialect -->
      <property name="dialect">org.hibernate.dialect.PostgreSQLDialect</property>

      <property name="show_sql">true</property>

      <!-- create database on startup -->
      <property name="hbm2ddl.auto">create</property>




      <!-- Annotated entity classes -->
      <mapping class="HibernateProject.UserDetails"/>
       
  </session-factory>
</hibernate-configuration>